DrugBank ID,protein_id,predicted_score,true_interaction
DB09203,P35348,0.998599946,1
DB04946,P35348,0.998445213,1
DB01624,P35348,0.997498095,1
DB11273,P35348,0.997311234,1
DB01238,P35348,0.996903956,1
DB00388,P35348,0.996596634,1
DB00852,P35348,0.996038675,1
DB01364,P35348,0.996038556,1
DB13025,P35348,0.995920539,1
DB01142,P35348,0.995696306,1
