drug_id,protein_id,Y,predicted_score,true_interaction
DB00303,P45059,1,0.9985645413398743,1
DB00436,P45059,0,0.03049592487514019,0
DB07913,P45059,0,0.0013826426584273577,0
DB08234,P45059,0,9.102511103264987e-05,0
