DrugBank ID,protein_id,predicted_score,true_interaction
DB03147,Q51225,0.999516726,1
DB03147,P0C278,0.999485731,1
DB03147,P14218,0.999446571,1
DB03147,P18925,0.999395251,1
DB03147,P83223,0.999330521,1
DB03147,Q06319,0.999276221,1
DB03147,P37062,0.999242187,1
DB03147,P42593,0.999214172,1
DB03147,Q9Z4P0,0.999142051,1
DB03147,P28593,0.999140382,1
