DrugBank ID,protein_id,predicted_score,true_interaction
DB02379,P00692,0.995414495,1
DB02379,P04745,0.994135737,1.0  unconfirmed
DB02379,P19961,0.993420303,1
DB02379,P04746,0.993176818,1
DB02379,P36924,0.992391884,1
DB02379,Q9ZEU2,0.992330909,1
DB02379,P00691,0.991356134,1
DB02379,P19571,0.990868449,1
DB02379,O82839,0.990511,1.0  unconfirmed
DB02379,P13507,0.986807764,1
