DrugBank ID,protein_id,predicted_score,true_interaction
DB04946,P35367,0.99819237,1
DB00767,P35367,0.997678936,1
DB01142,P35367,0.996771157,1
DB01624,P35367,0.996451855,1
DB01238,P35367,0.996083498,1
DB06016,P35367,0.99508661,1
DB00321,P35367,0.993892431,1
DB00458,P35367,0.993786216,1
DB09167,P35367,0.993213415,1
DB01151,P35367,0.992667139,1
