DrugBank ID,protein_id,predicted_score,true_interaction
DB00157,P11586,0.997586131,1
DB00157,Q9UDR5,0.993610799,1
DB00157,P21695,0.992964387,1
DB00157,P48728,0.986220956,1
DB00157,P49821,0.975328445,1
DB00157,P20839,0.968618035,1
DB00157,P12268,0.961979687,1
DB00157,P13995,0.950960398,1
DB00157,O95299,0.949306667,1
DB00157,P00374,0.948745251,1
