DrugBank ID,protein_id,predicted_score,true_interaction
DB11273,P08913,0.999863148,1
DB00320,P08913,0.999817908,1
DB01624,P08913,0.99977237,1
DB13345,P08913,0.999758661,1
DB00696,P08913,0.999753654,1
DB01238,P08913,0.99975127,1
DB08815,P08913,0.999732196,1
DB01200,P08913,0.999633551,1
DB14185,P08913,0.999618888,1
DB09286,P08913,0.999520898,1
