dataset,num_pairs,num_positive,num_negative,positive_ratio,num_unique_drugs,num_unique_targets,avg_smiles_len,avg_protein_len,median_smiles_len,median_protein_len
BindingDB,49199,20674,28525,0.4202117929226204,14643,2623,58.58590621760605,691.9334742576069,56.0,520.0
Biosnap,27464,13830,13634,0.5035683076026799,4505,2181,56.717885231575885,549.946584619866,50.0,479.0
Celegans,7786,3893,3893,0.5,1767,1876,33.80182378628307,530.8597482661187,26.0,433.0
Drugbank,35022,17511,17511,0.5,6645,4254,58.17928730512249,498.7510422020444,50.0,443.0
Human,5997,2633,3364,0.43905285976321495,2726,2001,47.7730531932633,616.6201434050358,41.0,473.0
KIBA,116350,22154,94196,0.1904082509669102,2068,225,54.59760206274173,711.7080962612806,53.0,620.0
